{
  "learning_rate": 0.18698835566063923,
  "n_estimators": 182,
  "max_depth": 6,
  "min_child_weight": 4,
  "gamma": 0.0179425086518811,
  "subsample": 0.694283619740919,
  "colsample_bytree": 0.8062074011838145,
  "reg_alpha": 0.0005995486376599362,
  "reg_lambda": 3.489290918815825e-05
}